{"loss": 0.0026515040080994368, "accuracy": 0.9984486102133161, "_runtime": 7032, "_timestamp": 1646157132, "_step": 29, "_wandb": {"runtime": 7543}}