{"loss": 0.01961025409400463, "accuracy": 0.9951562903642469, "_runtime": 4097, "_timestamp": 1646115075, "_step": 8}