{"train_loss": 0.07034979679156095, "train_acc": 0.9289021164021164, "_runtime": 1169, "_timestamp": 1646132893, "_step": 7, "eval_loss": 0.186839639260951, "eval_acc": 0.870899470899471}