{"loss": 0.5234495032992628, "accuracy": 0.7395502645502645, "_runtime": 292, "_timestamp": 1646126928, "_step": 0, "_wandb": {"runtime": 364}}