{"loss": [0.9955396966993756, 0.9945007235890013, 0.989409984871407, 0.9946073474890461, 0.9946107784431137, 0.98787210584344, 0.9933184855233853, 0.987012987012987, 0.9692307692307692, 0.990748528174937, 0.9902329075882794, 0.978021978021978, 0.9966555183946487, 0.9840348330914369, 0.9323308270676692, 0.9932432432432432, 0.9903057419835942, 0.9666666666666667], "accuracy": 0.9928313097390855, "_runtime": 3435, "_timestamp": 1646184523, "_step": 14}