{"train_loss": 0.925270937430666, "train_acc": 0.9646825396825397, "_runtime": 2233, "_timestamp": 1646143152, "_step": 17, "eval_loss": 0.8529504562568344, "eval_acc": 0.9214285714285714}