{"train_loss": 0.5274684529140804, "train_acc": 0.7060846560846561, "_runtime": 203, "_timestamp": 1646139897, "_step": 0, "_wandb": {"runtime": 207}}