{"train_loss": 0.03281236056365607, "train_acc": 0.9746031746031746, "_runtime": 4337, "_timestamp": 1646137333, "_step": 27, "eval_loss": 0.013569969828596287, "eval_acc": 0.9867724867724867, "_wandb": {"runtime": 4945}}