{"train_loss": 0.07562718893125377, "train_acc": 0.9275132275132276, "_runtime": 2137, "_timestamp": 1646131045, "_step": 11, "eval_loss": 0.04612490404138549, "eval_acc": 0.9476190476190476, "_wandb": {"runtime": 2135}}