{"loss": 0.5234495032992628, "accuracy": 0.7395502645502645, "_runtime": 289, "_timestamp": 1646127343, "_step": 0}