{"train_loss": 0.7732096041053174, "train_acc": 0.8730820105820106, "_runtime": 2417, "_timestamp": 1646146781, "_step": 17, "eval_loss": 0.7518887628950665, "eval_acc": 0.8132275132275132, "_wandb": {"runtime": 2823}}