{"loss": 0.17168870568275452, "accuracy": 0.8670240247997933, "_runtime": 465, "_timestamp": 1646116596, "_step": 0}