{"loss": 0.04468035325407982, "accuracy": 0.9961896150865409, "_runtime": 2662, "_timestamp": 1646109796, "_step": 9, "_wandb": {"runtime": 2675}}