{"loss": 0.281655451576053, "accuracy": 0.8181216931216931, "_runtime": 668, "_timestamp": 1646126519, "_step": 0}