{"loss": [0.9930788122348738, 0.9893094481363767, 0.9772382397572079, 0.9924178601516429, 0.9899775617053104, 0.9691629955947136, 0.9842696629213483, 0.981132075471698, 0.9481481481481481, 0.9881956155143339, 0.9798055347793568, 0.9333333333333335, 0.9888392857142857, 0.9797687861271677, 0.9545454545454546, 0.9848739495798319, 0.9805097451274363, 0.9666666666666667], "accuracy": 0.9874063549470421, "_runtime": 4665, "_timestamp": 1646189591, "_step": 19}